{"global_step": 495, "_timestamp": 1662003209.5377893, "reward": 500.0, "loss": 27.287355422973633, "episode length": 499.0, "_runtime": 481.15056228637695, "_step": 165, "_wandb": {"runtime": 487}}