{"global_step": 495, "_timestamp": 1661998719.7883532, "Charts/reward": 369.0, "Charts/loss": 3.3686838150024414, "Charts/episode length": 368.0, "_runtime": 256.18404030799866, "_step": 246, "dqn1/global_step": 485, "dqn1/Charts/reward": 11.0, "dqn1/Charts/loss": 0.4322747588157654, "dqn1/Charts/episode length": 10.0, "dqn2/global_step": 250, "dqn2/Charts/reward": 135.0, "dqn2/Charts/loss": 1.227272868156433, "dqn2/Charts/episode length": 134.0, "_wandb": {"runtime": 308}}