{"global_step": 425, "_timestamp": 1661999177.1484423, "Charts/reward": 500.0, "Charts/loss": 2.748720645904541, "Charts/episode length": 499.0, "_runtime": 123.04243326187134, "_step": 85, "_wandb": {"runtime": 182}}