{"global_step": 441, "_timestamp": 1662002169.3299892, "reward": 156.0, "loss": 1.5200408697128296, "episode length": 155.0, "_runtime": 244.24849724769592, "_step": 147, "_wandb": {"runtime": 265}}