{"global_step": 465, "_timestamp": 1662000129.385974, "Charts/reward": 86.0, "Charts/loss": 1.1332356929779053, "Charts/episode length": 85.0, "_runtime": 123.1386559009552, "_step": 93, "_wandb": {"runtime": 139}}