{"global_step": 445, "_timestamp": 1661999435.8153079, "Charts/reward": 500.0, "Charts/loss": 11.12663745880127, "Charts/episode length": 499.0, "_runtime": 183.7261619567871, "_step": 89, "_wandb": {"runtime": 204}}