{"global_step": 435, "_timestamp": 1662000644.4693003, "reward": 11.0, "loss": 1.5686559677124023, "episode length": 11.0, "_runtime": 21.267362356185913, "_step": 87, "_wandb": {"runtime": 24}}