{"global_step": 477, "_timestamp": 1662001547.6711626, "reward": 121.0, "loss": 1.2458499670028687, "episode length": 120.0, "_runtime": 202.7916715145111, "_step": 159, "_wandb": {"runtime": 217}}