{"global_step": 462, "_timestamp": 1662001887.5355082, "reward": 56.0, "loss": 0.4602510333061218, "episode length": 55.0, "_runtime": 313.091824054718, "_step": 154, "_wandb": {"runtime": 339}}