{"global_step": 495, "_timestamp": 1661999706.7310882, "Charts/reward": 500.0, "Charts/loss": 4.321033000946045, "Charts/episode length": 499.0, "_runtime": 239.15809416770935, "_step": 99, "_wandb": {"runtime": 242}}