{"global_step": 475, "_timestamp": 1662002603.494589, "reward": 206.0, "loss": 13.022732734680176, "episode length": 205.0, "_runtime": 356.9005169868469, "_step": 95, "_wandb": {"runtime": 386}}