{"global_step": 489, "_timestamp": 1662001046.9901316, "reward": 500.0, "loss": 2.482116937637329, "episode length": 499.0, "_runtime": 119.87269258499146, "_step": 163, "_wandb": {"runtime": 133}}