{"global_step": 483, "_timestamp": 1662001313.9994483, "reward": 500.0, "loss": 5.349618434906006, "episode length": 499.0, "_runtime": 240.6405622959137, "_step": 161, "_wandb": {"runtime": 260}}