{"global_step": 465, "_timestamp": 1661999962.2468417, "Charts/reward": 230.0, "Charts/loss": 2.527529239654541, "Charts/episode length": 229.0, "_runtime": 240.48780155181885, "_step": 93, "_wandb": {"runtime": 271}}